Product Title,Price,Min Order Quantity,Source URL,Images Count,Local Images
Chancee K80 Factory Price Concrete Double Brush Floor Scrubber Machine Ride on,"1 - 4 sets
SAR 11,454.03
5 - 9 sets
SAR 10,881.33
>= 10 sets
SAR 10,308.63",,https://www.alibaba.com/product-detail/Chancee-K80-Factory-Price-Concrete-Double_1600874046823.html,0,None
Compact Large Ride-On Street Vacuum Road Sweeper Machine Electric Fuel New Condition with Wire Double Brush,"1 - 2 sets
SAR 13,363.04
3 - 4 sets
SAR 12,981.24
5 - 7 sets
SAR 12,599.43
>= 8 sets
SAR 12,217.63",,https://www.alibaba.com/product-detail/Compact-Large-Ride-On-Street-Vacuum_1601427314632.html,0,None
48V Electric Double Brush Ride-On Street Cleaning Machine for Home Use for Farm & Outdoor Road Surfaces-New Condition,"1 - 29 sets
SAR 6,105.00
30 - 49 sets
SAR 5,723.20
50 - 299 sets
SAR 4,917.60
>= 300 sets
SAR 3,814.20",,https://www.alibaba.com/product-detail/48V-Electric-Double-Brush-Ride-On_1601445626156.html,0,None
